Woodwell.ID,Trial,Year,plot.study,U_depth (cm),L_depth,System,Block.treatment,soc.observed
6327,Beltsville,2006,101,5,10,2.1,ct,1.23
6334,Beltsville,2006,103,5,10,1.1,nt,1.22
6340,Beltsville,2006,105,5,10,5.2,2Yor,1.33
6346,Beltsville,2006,112,5,10,7.6,6Yor,1.31
6349,Beltsville,2006,113,5,10,6.1,3Yor,1.55
13456,Beltsville,2006,201,5,10,7.6,6Yor,1.35
13462,Beltsville,2006,207,5,10,5.2,2Yor,1.71
13468,Beltsville,2006,211,5,10,6.1,3Yor,1.45
13474,Beltsville,2006,213,5,10,2.1,ct,1.65
13480,Beltsville,2006,216,5,10,1.1,nt,1.29
13486,Beltsville,2006,302,5,10,6.1,3Yor,1.81
13492,Beltsville,2006,305,5,10,1.1,nt,1.22
13498,Beltsville,2006,314,5,10,2.1,ct,1.29
13504,Beltsville,2006,317,5,10,5.2,2Yor,1.51
13510,Beltsville,2006,402,5,10,7.6,6Yor,1.32
13513,Beltsville,2006,406,5,10,2.1,ct,1.26
6418,Beltsville,2006,407,5,10,1.1,nt,1.41
6424,Beltsville,2006,411,5,10,6.1,3Yor,1.57
6430,Beltsville,2006,416,5,10,5.2,2Yor,1.37
6575,Beltsville,2011,101,5,10,2.1,ct,1.34
6582,Beltsville,2011,103,5,10,1.1,nt,1.49
6589,Beltsville,2011,105,5,10,5.2,2Yor,1.55
13579,Beltsville,2011,112,5,10,7.6,6Yor,1.65
13607,Beltsville,2011,211,5,10,6.1,3Yor,1.65
13614,Beltsville,2011,213,5,10,2.1,ct,1.61
13621,Beltsville,2011,216,5,10,1.1,nt,1.54
13676,Beltsville,2011,302,5,10,6.1,3Yor,1.63
13683,Beltsville,2011,305,5,10,1.1,nt,1.51
13690,Beltsville,2011,307,5,10,7.6,6Yor,1.36
13697,Beltsville,2011,314,5,10,2.1,ct,1.39
13704,Beltsville,2011,317,5,10,5.2,2Yor,1.66
13711,Beltsville,2011,402,5,10,7.6,6Yor,1.33
13718,Beltsville,2011,406,5,10,2.1,ct,1.35
13725,Beltsville,2011,407,5,10,1.1,nt,1.67
13732,Beltsville,2011,411,5,10,6.1,3Yor,1.41
13739,Beltsville,2011,416,5,10,5.2,2Yor,1.5
6435,Beltsville,2016,101,5,10,2.1,ct,1.13
6442,Beltsville,2016,103,5,10,1.1,nt,1.22
6449,Beltsville,2016,105,5,10,5.2,2Yor,1.51
6456,Beltsville,2016,112,5,10,7.6,6Yor,1.51
6463,Beltsville,2016,113,5,10,6.1,3Yor,1.52
6470,Beltsville,2016,201,5,10,7.6,6Yor,1.71
13518,Beltsville,2016,207,5,10,5.2,2Yor,1.39
13525,Beltsville,2016,211,5,10,6.1,3Yor,1.54
13532,Beltsville,2016,213,5,10,2.1,ct,1.27
13539,Beltsville,2016,216,5,10,1.1,nt,1.77
13546,Beltsville,2016,302,5,10,6.1,3Yor,1.51
13553,Beltsville,2016,305,5,10,1.1,nt,1.17
13560,Beltsville,2016,307,5,10,7.6,6Yor,1.73
13567,Beltsville,2016,314,5,10,2.1,ct,1.16
13574,Beltsville,2016,317,5,10,5.2,2Yor,1.72
6540,Beltsville,2016,402,5,10,7.6,6Yor,1.38
6547,Beltsville,2016,406,5,10,2.1,ct,1.14
6554,Beltsville,2016,407,5,10,1.1,nt,1.61
6561,Beltsville,2016,411,5,10,6.1,3Yor,1.56
6568,Beltsville,2016,416,5,10,5.2,2Yor,1.34
13409,KBS,1989,na,0,25,na,T1,na
13404,KBS,1990,na,0,25,na,T1,0.78
13411,KBS,1991,na,0,25,na,T1,na
13425,KBS,1992,na,0,25,na,T1,na
13429,KBS,1992,na,0,25,na,T1,na
13430,KBS,1994,na,0,25,na,T1,na
13435,KBS,1996,na,0,25,na,T1,0.68
13441,KBS,1997,na,0,25,na,T1,na
13442,KBS,1998,na,0,25,na,T1,na
13662,KBS,2000,na,0,25,na,T1,na
13668,KBS,2000,na,0,25,na,T1,na
13656,KBS,2001,na,0,25,na,T1,na
13650,KBS,2002,na,0,25,na,T1,0.6
13644,KBS,2003,na,0,25,na,T1,na
13638,KBS,2004,na,0,25,na,T1,na
13632,KBS,2005,na,0,25,na,T1,na
13626,KBS,2007,na,0,25,na,T1,na
6233,KBS,2008,na,0,25,na,T1,0.64
6227,KBS,2009,na,0,25,na,T1,na
6221,KBS,2010,na,0,25,na,T1,na
6215,KBS,2012,na,0,25,na,T1,na
6209,KBS,2013,na,0,25,na,T1,na
6203,KBS,2014,na,0,25,na,T1,0.57
6197,KBS,2015,na,0,25,na,T1,na
6191,KBS,2016,na,0,25,na,T1,na
6185,KBS,2017,na,0,25,na,T1,na
13408,KBS,1989,na,0,25,na,T2,na
13403,KBS,1990,na,0,25,na,T2,1.04
13410,KBS,1991,na,0,25,na,T2,na
13419,KBS,1992,na,0,25,na,T2,na
13426,KBS,1992,na,0,25,na,T2,na
13420,KBS,1994,na,0,25,na,T2,na
13434,KBS,1996,na,0,25,na,T2,0.93
13440,KBS,1997,na,0,25,na,T2,na
6182,KBS,1998,na,0,25,na,T2,na
13663,KBS,2000,na,0,25,na,T2,na
13669,KBS,2000,na,0,25,na,T2,na
13657,KBS,2001,na,0,25,na,T2,na
13651,KBS,2002,na,0,25,na,T2,1.07
13645,KBS,2003,na,0,25,na,T2,na
13639,KBS,2004,na,0,25,na,T2,na
13633,KBS,2005,na,0,25,na,T2,na
13627,KBS,2007,na,0,25,na,T2,na
6234,KBS,2008,na,0,25,na,T2,0.91
6228,KBS,2009,na,0,25,na,T2,na
6222,KBS,2010,na,0,25,na,T2,na
6216,KBS,2012,na,0,25,na,T2,na
6210,KBS,2013,na,0,25,na,T2,na
6204,KBS,2014,na,0,25,na,T2,0.87
6198,KBS,2015,na,0,25,na,T2,na
6192,KBS,2016,na,0,25,na,T2,na
6186,KBS,2017,na,0,25,na,T2,na
13407,KBS,1989,na,0,25,na,T3,na
13402,KBS,1990,na,0,25,na,T3,0.72
13413,KBS,1991,na,0,25,na,T3,na
13418,KBS,1992,na,0,25,na,T3,na
13427,KBS,1992,na,0,25,na,T3,na
13421,KBS,1994,na,0,25,na,T3,na
13439,KBS,1997,na,0,25,na,T3,na
6181,KBS,1998,na,0,25,na,T3,na
13664,KBS,2000,na,0,25,na,T3,na
13670,KBS,2000,na,0,25,na,T3,na
13658,KBS,2001,na,0,25,na,T3,na
13652,KBS,2002,na,0,25,na,T3,0.75
13646,KBS,2003,na,0,25,na,T3,na
13640,KBS,2004,na,0,25,na,T3,na
13634,KBS,2005,na,0,25,na,T3,na
13628,KBS,2007,na,0,25,na,T3,na
6235,KBS,2008,na,0,25,na,T3,0.88
6229,KBS,2009,na,0,25,na,T3,na
6223,KBS,2010,na,0,25,na,T3,na
6217,KBS,2012,na,0,25,na,T3,na
6211,KBS,2013,na,0,25,na,T3,na
6205,KBS,2014,na,0,25,na,T3,0.7
6199,KBS,2015,na,0,25,na,T3,na
6193,KBS,2016,na,0,25,na,T3,na
6187,KBS,2017,na,0,25,na,T3,na
13406,KBS,1989,na,0,25,na,T4,na
13401,KBS,1990,na,0,25,na,T4,0.85
13412,KBS,1991,na,0,25,na,T4,na
13417,KBS,1992,na,0,25,na,T4,na
13422,KBS,1994,na,0,25,na,T4,na
13433,KBS,1996,na,0,25,na,T4,1
13438,KBS,1997,na,0,25,na,T4,na
6180,KBS,1998,na,0,25,na,T4,na
13665,KBS,2000,na,0,25,na,T4,na
13671,KBS,2000,na,0,25,na,T4,na
13659,KBS,2001,na,0,25,na,T4,na
13653,KBS,2002,na,0,25,na,T4,0.91
13647,KBS,2003,na,0,25,na,T4,na
13641,KBS,2004,na,0,25,na,T4,na
13635,KBS,2005,na,0,25,na,T4,na
13629,KBS,2007,na,0,25,na,T4,na
6236,KBS,2008,na,0,25,na,T4,1.01
6230,KBS,2009,na,0,25,na,T4,na
6224,KBS,2010,na,0,25,na,T4,na
6218,KBS,2012,na,0,25,na,T4,na
6212,KBS,2013,na,0,25,na,T4,na
6206,KBS,2014,na,0,25,na,T4,0.82
6200,KBS,2015,na,0,25,na,T4,na
6194,KBS,2016,na,0,25,na,T4,na
6188,KBS,2017,na,0,25,na,T4,na
13405,KBS,1989,na,0,25,na,T6,na
13400,KBS,1990,na,0,25,na,T6,0.79
13415,KBS,1991,na,0,25,na,T6,na
13416,KBS,1992,na,0,25,na,T6,na
13428,KBS,1992,na,0,25,na,T6,na
13423,KBS,1994,na,0,25,na,T6,na
13432,KBS,1996,na,0,25,na,T6,0.72
13437,KBS,1997,na,0,25,na,T6,na
6179,KBS,1998,na,0,25,na,T6,na
6184,KBS,1999,na,0,25,na,T6,na
13666,KBS,2000,na,0,25,na,T6,na
13660,KBS,2001,na,0,25,na,T6,na
13654,KBS,2002,na,0,25,na,T6,0.84
13648,KBS,2003,na,0,25,na,T6,na
13642,KBS,2004,na,0,25,na,T6,na
13636,KBS,2005,na,0,25,na,T6,na
13630,KBS,2007,na,0,25,na,T6,na
13624,KBS,2008,na,0,25,na,T6,0.99
6231,KBS,2009,na,0,25,na,T6,na
6225,KBS,2010,na,0,25,na,T6,na
6219,KBS,2012,na,0,25,na,T6,na
6213,KBS,2013,na,0,25,na,T6,na
6207,KBS,2014,na,0,25,na,T6,0.84
6201,KBS,2015,na,0,25,na,T6,na
6195,KBS,2016,na,0,25,na,T6,na
6189,KBS,2017,na,0,25,na,T6,na
13414,KBS,1991,na,0,25,na,T8,na
13424,KBS,1994,na,0,25,na,T8,na
13431,KBS,1996,na,0,25,na,T8,1.74
13436,KBS,1997,na,0,25,na,T8,na
13443,KBS,1998,na,0,25,na,T8,na
6183,KBS,1999,na,0,25,na,T8,na
13667,KBS,2000,na,0,25,na,T8,na
13661,KBS,2001,na,0,25,na,T8,na
13655,KBS,2002,na,0,25,na,T8,1.39
13649,KBS,2003,na,0,25,na,T8,na
13643,KBS,2004,na,0,25,na,T8,na
13637,KBS,2005,na,0,25,na,T8,na
13631,KBS,2007,na,0,25,na,T8,na
13625,KBS,2008,na,0,25,na,T8,1.63
6232,KBS,2009,na,0,25,na,T8,na
6226,KBS,2010,na,0,25,na,T8,na
6220,KBS,2012,na,0,25,na,T8,na
6214,KBS,2013,na,0,25,na,T8,na
6208,KBS,2014,na,0,25,na,T8,1.43
6202,KBS,2015,na,0,25,na,T8,na
6196,KBS,2016,na,0,25,na,T8,na
6190,KBS,2017,na,0,25,na,T8,na
9535,Lincoln-REAP,2001,101,0,7.5,None,NT,2.18
9536,Lincoln-REAP,2001,101,7.5,15,None,NT,2.09
9537,Lincoln-REAP,2001,101,15,30,None,NT,1.91
9538,Lincoln-REAP,2001,102,0,7.5,All,DT,2.2
9539,Lincoln-REAP,2001,102,7.5,15,All,DT,1.89
9540,Lincoln-REAP,2001,102,15,30,All,DT,1.84
9541,Lincoln-REAP,2001,401,0,7.5,None,NT,2.06
9542,Lincoln-REAP,2001,401,7.5,15,None,NT,1.81
9543,Lincoln-REAP,2001,401,15,30,None,NT,1.69
9544,Lincoln-REAP,2001,404,0,7.5,All,DT,1.96
9545,Lincoln-REAP,2001,404,7.5,15,All,DT,1.76
9546,Lincoln-REAP,2001,404,15,30,All,DT,1.67
9547,Lincoln-REAP,2001,602,0,7.5,None,NT,2.04
9548,Lincoln-REAP,2001,602,7.5,15,None,NT,1.7
9549,Lincoln-REAP,2001,602,15,30,None,NT,2.14
9550,Lincoln-REAP,2001,605,0,7.5,All,DT,2.03
9551,Lincoln-REAP,2001,605,7.5,15,All,DT,1.75
9552,Lincoln-REAP,2001,605,15,30,All,DT,1.73
9553,Lincoln-REAP,2014,101,0,7.5,None,NT,2.61
9554,Lincoln-REAP,2014,101,7.5,15,None,NT,1.86
9555,Lincoln-REAP,2014,101,15,30,None,NT,1.81
9556,Lincoln-REAP,2014,102,0,7.5,All,DT,1.91
9557,Lincoln-REAP,2014,102,7.5,15,All,DT,1.78
9558,Lincoln-REAP,2014,102,15,30,All,DT,1.8
9559,Lincoln-REAP,2014,401,0,7.5,None,NT,1.74
9560,Lincoln-REAP,2014,401,7.5,15,None,NT,2.61
9561,Lincoln-REAP,2014,401,15,30,None,NT,1.62
9562,Lincoln-REAP,2014,404,0,7.5,All,DT,1.83
9563,Lincoln-REAP,2014,404,7.5,15,All,DT,1.62
9564,Lincoln-REAP,2014,404,15,30,All,DT,1.65
9565,Lincoln-REAP,2014,602,0,7.5,None,NT,2.44
9566,Lincoln-REAP,2014,602,7.5,15,None,NT,1.6
9567,Lincoln-REAP,2014,602,15,30,None,NT,1.67
9568,Lincoln-REAP,2014,605,0,7.5,All,DT,1.84
9569,Lincoln-REAP,2014,605,7.5,15,All,DT,1.67
9570,Lincoln-REAP,2014,605,15,30,All,DT,1.6
10736,Lincoln-REAP,2014,103,0,7.5,Half,NT,2.4
10737,Lincoln-REAP,2014,103,7.5,15,Half,NT,1.7
10738,Lincoln-REAP,2014,103,15,30,Half,NT,1.76
10739,Lincoln-REAP,2014,104,0,7.5,Half,DT,2.07
10740,Lincoln-REAP,2014,104,7.5,15,Half,DT,1.88
10741,Lincoln-REAP,2014,104,15,30,Half,DT,1.8
10742,Lincoln-REAP,2014,105,0,7.5,All,NT,1.97
10743,Lincoln-REAP,2014,105,7.5,15,All,NT,1.69
10744,Lincoln-REAP,2014,105,15,30,All,NT,1.7
10745,Lincoln-REAP,2014,106,0,7.5,None,DT,2.04
10746,Lincoln-REAP,2014,106,7.5,15,None,DT,1.83
10747,Lincoln-REAP,2014,106,15,30,None,DT,1.71
10748,Lincoln-REAP,2014,402,0,7.5,None,DT,2.15
10749,Lincoln-REAP,2014,402,7.5,15,None,DT,1.74
10750,Lincoln-REAP,2014,402,15,30,None,DT,1.55
10751,Lincoln-REAP,2014,403,0,7.5,All,NT,1.89
10752,Lincoln-REAP,2014,403,7.5,15,All,NT,1.6
10753,Lincoln-REAP,2014,403,15,30,All,NT,1.58
10754,Lincoln-REAP,2014,405,0,7.5,Half,NT,1.98
10755,Lincoln-REAP,2014,405,7.5,15,Half,NT,1.69
10756,Lincoln-REAP,2014,405,15,30,Half,NT,1.68
10757,Lincoln-REAP,2014,406,0,7.5,Half,DT,1.88
10758,Lincoln-REAP,2014,406,7.5,15,Half,DT,1.63
10759,Lincoln-REAP,2014,406,15,30,Half,DT,1.67
10760,Lincoln-REAP,2014,601,0,7.5,Half,DT,1.94
10761,Lincoln-REAP,2014,601,7.5,15,Half,DT,1.69
10762,Lincoln-REAP,2014,601,15,30,Half,DT,1.68
10763,Lincoln-REAP,2014,603,0,7.5,None,DT,2.32
10764,Lincoln-REAP,2014,603,7.5,15,None,DT,1.92
10765,Lincoln-REAP,2014,603,15,30,None,DT,1.67
10766,Lincoln-REAP,2014,604,0,7.5,Half,NT,2.32
10767,Lincoln-REAP,2014,604,7.5,15,Half,NT,1.68
10768,Lincoln-REAP,2014,604,15,30,Half,NT,1.61
10769,Lincoln-REAP,2014,606,0,7.5,All,NT,1.8
10770,Lincoln-REAP,2014,606,7.5,15,All,NT,1.54
10771,Lincoln-REAP,2014,606,15,30,All,NT,1.55
10772,Lincoln-REAP,2001,101,30,60,None,NT,1.5
10773,Lincoln-REAP,2001,102,30,60,All,DT,1.27
10774,Lincoln-REAP,2001,103,0,7.5,Half,NT,2
10775,Lincoln-REAP,2001,103,7.5,15,Half,NT,1.82
10776,Lincoln-REAP,2001,103,15,30,Half,NT,1.79
10777,Lincoln-REAP,2001,103,30,60,Half,NT,1.2
10778,Lincoln-REAP,2001,104,0,7.5,Half,DT,2.15
10779,Lincoln-REAP,2001,104,7.5,15,Half,DT,1.97
10780,Lincoln-REAP,2001,104,15,30,Half,DT,1.89
10781,Lincoln-REAP,2001,104,30,60,Half,DT,1.36
10782,Lincoln-REAP,2001,105,0,7.5,All,NT,2.21
10783,Lincoln-REAP,2001,105,7.5,15,All,NT,1.92
10784,Lincoln-REAP,2001,105,15,30,All,NT,1.86
10785,Lincoln-REAP,2001,105,30,60,All,NT,1.46
10786,Lincoln-REAP,2001,106,0,7.5,None,DT,2.18
10787,Lincoln-REAP,2001,106,7.5,15,None,DT,1.87
10788,Lincoln-REAP,2001,106,15,30,None,DT,1.85
10789,Lincoln-REAP,2001,106,30,60,None,DT,1.39
10790,Lincoln-REAP,2001,401,30,60,None,NT,1.02
10791,Lincoln-REAP,2001,402,0,7.5,None,DT,1.98
10792,Lincoln-REAP,2001,402,7.5,15,None,DT,1.65
10793,Lincoln-REAP,2001,402,15,30,None,DT,1.65
10794,Lincoln-REAP,2001,402,30,60,None,DT,0.98
10795,Lincoln-REAP,2001,403,0,7.5,All,NT,1.98
10796,Lincoln-REAP,2001,403,7.5,15,All,NT,1.8
10797,Lincoln-REAP,2001,403,15,30,All,NT,1.71
10799,Lincoln-REAP,2001,404,30,60,All,DT,1.14
10800,Lincoln-REAP,2001,405,0,7.5,Half,NT,1.91
10801,Lincoln-REAP,2001,405,7.5,15,Half,NT,1.71
10802,Lincoln-REAP,2001,405,15,30,Half,NT,1.59
10803,Lincoln-REAP,2001,405,30,60,Half,NT,1.11
10804,Lincoln-REAP,2001,406,0,7.5,Half,DT,2.06
10805,Lincoln-REAP,2001,406,7.5,15,Half,DT,1.76
10806,Lincoln-REAP,2001,406,15,30,Half,DT,1.7
10807,Lincoln-REAP,2001,406,30,60,Half,DT,1.45
10808,Lincoln-REAP,2001,601,0,7.5,Half,DT,1.98
10809,Lincoln-REAP,2001,601,7.5,15,Half,DT,1.76
10810,Lincoln-REAP,2001,601,15,30,Half,DT,1.73
10811,Lincoln-REAP,2001,601,30,60,Half,DT,1.41
10812,Lincoln-REAP,2001,602,30,60,None,NT,1.57
10813,Lincoln-REAP,2001,603,0,7.5,None,DT,2.05
10814,Lincoln-REAP,2001,603,7.5,15,None,DT,1.8
10815,Lincoln-REAP,2001,603,15,30,None,DT,1.78
10816,Lincoln-REAP,2001,603,30,60,None,DT,1.43
10817,Lincoln-REAP,2001,604,0,7.5,Half,NT,1.96
10818,Lincoln-REAP,2001,604,7.5,15,Half,NT,1.74
10819,Lincoln-REAP,2001,604,15,30,Half,NT,1.75
10820,Lincoln-REAP,2001,604,30,60,Half,NT,1.38
10821,Lincoln-REAP,2001,605,30,60,All,DT,1.38
10822,Lincoln-REAP,2001,606,0,7.5,All,NT,1.97
10823,Lincoln-REAP,2001,606,7.5,15,All,NT,1.77
10824,Lincoln-REAP,2001,606,15,30,All,NT,1.72
10825,Lincoln-REAP,2001,606,30,60,All,NT,1.56
10826,Lincoln-REAP,2011,101,0,15,None,NT,2.27
10827,Lincoln-REAP,2011,101,15,30,None,NT,1.88
10828,Lincoln-REAP,2011,101,30,60,None,NT,1.4
10829,Lincoln-REAP,2011,102,0,15,All,DT,1.92
10830,Lincoln-REAP,2011,102,15,30,All,DT,1.79
10831,Lincoln-REAP,2011,102,30,60,All,DT,1.32
10832,Lincoln-REAP,2011,103,0,15,Half,NT,1.95
10833,Lincoln-REAP,2011,103,15,30,Half,NT,1.8
10834,Lincoln-REAP,2011,103,30,60,Half,NT,1.28
10835,Lincoln-REAP,2011,104,0,15,Half,DT,1.93
10836,Lincoln-REAP,2011,104,15,30,Half,DT,1.8
10837,Lincoln-REAP,2011,104,30,60,Half,DT,1.34
10838,Lincoln-REAP,2011,105,0,15,All,NT,1.84
10839,Lincoln-REAP,2011,105,15,30,All,NT,1.73
10840,Lincoln-REAP,2011,105,30,60,All,NT,1.23
10841,Lincoln-REAP,2011,106,0,15,None,DT,1.93
10842,Lincoln-REAP,2011,106,15,30,None,DT,1.76
10843,Lincoln-REAP,2011,106,30,60,None,DT,1.26
10844,Lincoln-REAP,2011,401,0,15,None,NT,1.94
10845,Lincoln-REAP,2011,401,15,30,None,NT,1.62
10846,Lincoln-REAP,2011,401,30,60,None,NT,1.01
10847,Lincoln-REAP,2011,402,0,15,None,DT,1.9
10848,Lincoln-REAP,2011,402,15,30,None,DT,1.61
10849,Lincoln-REAP,2011,402,30,60,None,DT,1
10850,Lincoln-REAP,2011,403,0,15,All,NT,1.8
10851,Lincoln-REAP,2011,403,15,30,All,NT,1.47
10852,Lincoln-REAP,2011,403,30,60,All,NT,1.24
10853,Lincoln-REAP,2011,404,0,15,All,DT,1.7
10854,Lincoln-REAP,2011,404,15,30,All,DT,1.59
10855,Lincoln-REAP,2011,404,30,60,All,DT,1.31
10898,Lincoln-REAP,2011,405,0,15,Half,NT,1.96
10899,Lincoln-REAP,2011,405,15,30,Half,NT,1.73
10900,Lincoln-REAP,2011,405,30,60,Half,NT,1.46
10901,Lincoln-REAP,2011,406,0,15,Half,DT,1.82
10902,Lincoln-REAP,2011,406,15,30,Half,DT,1.63
10903,Lincoln-REAP,2011,406,30,60,Half,DT,1.33
10904,Lincoln-REAP,2011,601,0,15,Half,DT,1.83
10905,Lincoln-REAP,2011,601,15,30,Half,DT,1.62
10906,Lincoln-REAP,2011,601,30,60,Half,DT,1.26
10907,Lincoln-REAP,2011,602,0,15,None,NT,2.29
10908,Lincoln-REAP,2011,602,15,30,None,NT,1.73
10909,Lincoln-REAP,2011,602,30,60,None,NT,1.46
10910,Lincoln-REAP,2011,603,0,15,None,DT,1.87
10911,Lincoln-REAP,2011,603,15,30,None,DT,1.68
10912,Lincoln-REAP,2011,603,30,60,None,DT,1.22
10913,Lincoln-REAP,2011,604,0,15,Half,NT,1.91
10914,Lincoln-REAP,2011,604,15,30,Half,NT,1.68
10915,Lincoln-REAP,2011,604,30,60,Half,NT,1.44
10916,Lincoln-REAP,2011,605,0,15,All,DT,1.69
10917,Lincoln-REAP,2011,605,15,30,All,DT,1.69
10918,Lincoln-REAP,2011,605,30,60,All,DT,1.31
10919,Lincoln-REAP,2011,606,0,15,All,NT,1.77
10920,Lincoln-REAP,2011,606,15,30,All,NT,1.61
10921,Lincoln-REAP,2011,606,30,60,All,NT,1.5
6714,Lincoln-TCSE,1999,113,0,15,SS,Disk,1.63
6715,Lincoln-TCSE,1999,113,15,30,SS,Disk,1.05
6716,Lincoln-TCSE,1999,113,30,60,SS,Disk,0.58
6717,Lincoln-TCSE,1999,114,0,15,CS,Disk,1.65
6718,Lincoln-TCSE,1999,114,15,30,CS,Disk,1.07
6719,Lincoln-TCSE,1999,114,30,60,CS,Disk,0.54
6720,Lincoln-TCSE,1999,116,0,15,CC,Disk,2.03
6721,Lincoln-TCSE,1999,116,15,30,CC,Disk,1.45
6722,Lincoln-TCSE,1999,116,30,60,CC,Disk,0.76
6723,Lincoln-TCSE,1999,117,0,15,CC,No-till,2.18
6724,Lincoln-TCSE,1999,117,15,30,CC,No-till,1.57
6725,Lincoln-TCSE,1999,117,30,60,CC,No-till,0.89
6726,Lincoln-TCSE,1999,118,0,15,CS,No-till,1.76
6727,Lincoln-TCSE,1999,118,15,30,CS,No-till,1.4
6728,Lincoln-TCSE,1999,118,30,60,CS,No-till,0.79
6729,Lincoln-TCSE,1999,120,0,15,SS,No-till,1.79
6730,Lincoln-TCSE,1999,120,15,30,SS,No-till,1.3
6731,Lincoln-TCSE,1999,120,30,60,SS,No-till,0.64
6732,Lincoln-TCSE,1999,122,0,15,CS,Plow,1.54
6733,Lincoln-TCSE,1999,122,15,30,CS,Plow,0.91
6734,Lincoln-TCSE,1999,122,30,60,CS,Plow,0.47
6735,Lincoln-TCSE,1999,123,0,15,SS,Plow,1.45
6736,Lincoln-TCSE,1999,123,15,30,SS,Plow,1.13
6737,Lincoln-TCSE,1999,123,30,60,SS,Plow,0.55
6738,Lincoln-TCSE,1999,124,0,15,CC,Plow,1.62
6739,Lincoln-TCSE,1999,124,15,30,CC,Plow,1.32
6740,Lincoln-TCSE,1999,124,30,60,CC,Plow,0.61
6741,Lincoln-TCSE,1999,310,0,15,CS,Plow,1.24
6742,Lincoln-TCSE,1999,310,15,30,CS,Plow,1.06
6743,Lincoln-TCSE,1999,310,30,60,CS,Plow,0.46
6744,Lincoln-TCSE,1999,311,0,15,SS,Plow,1.26
6745,Lincoln-TCSE,1999,311,15,30,SS,Plow,0.67
6746,Lincoln-TCSE,1999,311,30,60,SS,Plow,0.33
6747,Lincoln-TCSE,1999,312,0,15,CC,Plow,1.39
6748,Lincoln-TCSE,1999,312,15,30,CC,Plow,0.94
6749,Lincoln-TCSE,1999,312,30,60,CC,Plow,0.46
6750,Lincoln-TCSE,1999,313,0,15,CS,No-till,1.5
6751,Lincoln-TCSE,1999,313,15,30,CS,No-till,0.91
6752,Lincoln-TCSE,1999,313,30,60,CS,No-till,0.43
6753,Lincoln-TCSE,1999,314,0,15,CC,No-till,1.72
6754,Lincoln-TCSE,1999,314,15,30,CC,No-till,1.15
6755,Lincoln-TCSE,1999,314,30,60,CC,No-till,0.53
6756,Lincoln-TCSE,1999,316,0,15,SS,No-till,1.6
6757,Lincoln-TCSE,1999,316,15,30,SS,No-till,1.18
6758,Lincoln-TCSE,1999,316,30,60,SS,No-till,0.56
6759,Lincoln-TCSE,1999,317,0,15,SS,Disk,1.31
6760,Lincoln-TCSE,1999,317,15,30,SS,Disk,0.77
6761,Lincoln-TCSE,1999,317,30,60,SS,Disk,0.42
6762,Lincoln-TCSE,1999,318,0,15,CC,Disk,1.47
6763,Lincoln-TCSE,1999,318,15,30,CC,Disk,0.85
6764,Lincoln-TCSE,1999,318,30,60,CC,Disk,0.43
6765,Lincoln-TCSE,1999,319,0,15,CS,Disk,1.35
6766,Lincoln-TCSE,1999,319,15,30,CS,Disk,0.65
6767,Lincoln-TCSE,1999,319,30,60,CS,Disk,0.37
6768,Lincoln-TCSE,1999,601,0,15,CC,No-till,2.12
6769,Lincoln-TCSE,1999,601,15,30,CC,No-till,1.69
6770,Lincoln-TCSE,1999,601,30,60,CC,No-till,1.99
6771,Lincoln-TCSE,1999,602,0,15,CS,No-till,1.95
6772,Lincoln-TCSE,1999,602,15,30,CS,No-till,1.72
6773,Lincoln-TCSE,1999,602,30,60,CS,No-till,2.06
6774,Lincoln-TCSE,1999,603,0,15,SS,No-till,1.76
6775,Lincoln-TCSE,1999,603,15,30,SS,No-till,1.74
6776,Lincoln-TCSE,1999,603,30,60,SS,No-till,2.07
6777,Lincoln-TCSE,1999,605,0,15,CC,Disk,1.81
6778,Lincoln-TCSE,1999,605,15,30,CC,Disk,1.78
6779,Lincoln-TCSE,1999,605,30,60,CC,Disk,1.96
6780,Lincoln-TCSE,1999,607,0,15,SS,Disk,1.63
6781,Lincoln-TCSE,1999,607,15,30,SS,Disk,1.65
6782,Lincoln-TCSE,1999,607,30,60,SS,Disk,1.87
6783,Lincoln-TCSE,1999,608,0,15,CS,Disk,1.77
6784,Lincoln-TCSE,1999,608,15,30,CS,Disk,1.67
6785,Lincoln-TCSE,1999,608,30,60,CS,Disk,1.94
6786,Lincoln-TCSE,1999,618,0,15,CS,Plow,1.73
6787,Lincoln-TCSE,1999,618,15,30,CS,Plow,1.43
6788,Lincoln-TCSE,1999,618,30,60,CS,Plow,1.06
6789,Lincoln-TCSE,1999,619,0,15,SS,Plow,1.62
6790,Lincoln-TCSE,1999,619,30,60,SS,Plow,0.79
6791,Lincoln-TCSE,1999,620,0,15,CC,Plow,1.75
6792,Lincoln-TCSE,1999,620,15,30,CC,Plow,1.46
6793,Lincoln-TCSE,1999,620,30,60,CC,Plow,0.84
6794,Lincoln-TCSE,2004,113,0,7.5,SS,Disk,1.75
6795,Lincoln-TCSE,2004,113,7.5,15,SS,Disk,1.64
6796,Lincoln-TCSE,2004,113,15,30,SS,Disk,1.23
6797,Lincoln-TCSE,2004,114,0,7.5,CS,Disk,1.92
6798,Lincoln-TCSE,2004,114,7.5,15,CS,Disk,1.69
6799,Lincoln-TCSE,2004,114,15,30,CS,Disk,1.32
6800,Lincoln-TCSE,2004,116,0,7.5,CC,Disk,2.25
6801,Lincoln-TCSE,2004,116,7.5,15,CC,Disk,1.95
6802,Lincoln-TCSE,2004,116,15,30,CC,Disk,1.56
6803,Lincoln-TCSE,2004,117,0,7.5,CC,No-till,2.56
6804,Lincoln-TCSE,2004,117,7.5,15,CC,No-till,1.96
6805,Lincoln-TCSE,2004,117,15,30,CC,No-till,1.71
6806,Lincoln-TCSE,2004,118,0,7.5,CS,No-till,2.26
6807,Lincoln-TCSE,2004,118,7.5,15,CS,No-till,1.78
6808,Lincoln-TCSE,2004,118,15,30,CS,No-till,1.55
6809,Lincoln-TCSE,2004,120,0,7.5,SS,No-till,1.95
6810,Lincoln-TCSE,2004,120,7.5,15,SS,No-till,1.65
6811,Lincoln-TCSE,2004,120,15,30,SS,No-till,1.31
6812,Lincoln-TCSE,2004,122,0,7.5,CS,Plow,1.57
6813,Lincoln-TCSE,2004,122,7.5,15,CS,Plow,1.58
6814,Lincoln-TCSE,2004,122,15,30,CS,Plow,1.23
6815,Lincoln-TCSE,2004,123,0,7.5,SS,Plow,1.54
6816,Lincoln-TCSE,2004,123,7.5,15,SS,Plow,1.47
6817,Lincoln-TCSE,2004,123,15,30,SS,Plow,1.18
6818,Lincoln-TCSE,2004,124,0,7.5,CC,Plow,1.81
6819,Lincoln-TCSE,2004,124,7.5,15,CC,Plow,1.76
6820,Lincoln-TCSE,2004,124,15,30,CC,Plow,1.46
6821,Lincoln-TCSE,2004,310,0,7.5,SS,Plow,1.38
6822,Lincoln-TCSE,2004,310,7.5,15,SS,Plow,1.36
6823,Lincoln-TCSE,2004,310,15,30,SS,Plow,1.01
6824,Lincoln-TCSE,2004,311,0,7.5,CC,Plow,1.23
6825,Lincoln-TCSE,2004,311,7.5,15,CC,Plow,1.24
6826,Lincoln-TCSE,2004,311,15,30,CC,Plow,0.89
6827,Lincoln-TCSE,2004,312,0,7.5,CS,No-till,1.38
6828,Lincoln-TCSE,2004,312,7.5,15,CS,No-till,1.39
6829,Lincoln-TCSE,2004,312,15,30,CS,No-till,1.04
6830,Lincoln-TCSE,2004,313,0,7.5,CC,No-till,1.91
6891,Lincoln-TCSE,2011,122,15,30,CS,Plow,1.13
6892,Lincoln-TCSE,2011,122,30,60,CS,Plow,0.51
6893,Lincoln-TCSE,2011,123,0,15,SS,Plow,1.38
6894,Lincoln-TCSE,2011,123,15,30,SS,Plow,0.99
6895,Lincoln-TCSE,2011,123,30,60,SS,Plow,0.49
6896,Lincoln-TCSE,2011,124,0,15,CC,Plow,1.61
6897,Lincoln-TCSE,2011,124,15,30,CC,Plow,1.28
6898,Lincoln-TCSE,2011,124,30,60,CC,Plow,0.61
6899,Lincoln-TCSE,2011,310,0,15,CS,Plow,1.32
6900,Lincoln-TCSE,2011,310,15,30,CS,Plow,0.78
6901,Lincoln-TCSE,2011,310,30,60,CS,Plow,0.36
6902,Lincoln-TCSE,2011,311,0,15,SS,Plow,1.1
6903,Lincoln-TCSE,2011,311,15,30,SS,Plow,0.85
6904,Lincoln-TCSE,2011,311,30,60,SS,Plow,0.41
6905,Lincoln-TCSE,2011,312,0,15,CC,Plow,1.31
6906,Lincoln-TCSE,2011,312,15,30,CC,Plow,0.86
6907,Lincoln-TCSE,2011,312,30,60,CC,Plow,0.41
6908,Lincoln-TCSE,2011,313,0,15,CS,No-till,1.75
6909,Lincoln-TCSE,2011,313,15,30,CS,No-till,1.07
6910,Lincoln-TCSE,2011,313,30,60,CS,No-till,0.51
6911,Lincoln-TCSE,2011,314,0,15,CC,No-till,1.62
6912,Lincoln-TCSE,2011,314,15,30,CC,No-till,1.14
6913,Lincoln-TCSE,2011,314,30,60,CC,No-till,0.48
6914,Lincoln-TCSE,2011,316,0,15,SS,No-till,1.5
6915,Lincoln-TCSE,2011,316,15,30,SS,No-till,1.03
6916,Lincoln-TCSE,2011,316,30,60,SS,No-till,0.5
6917,Lincoln-TCSE,2011,317,0,15,SS,Disk,1.36
6918,Lincoln-TCSE,2011,317,15,30,SS,Disk,0.78
6920,Lincoln-TCSE,2011,317,30,60,SS,Disk,0.45
6919,Lincoln-TCSE,2011,318,0,15,CC,Disk,1.37
6921,Lincoln-TCSE,2011,318,15,30,CC,Disk,0.88
6922,Lincoln-TCSE,2011,318,30,60,CC,Disk,0.55
6923,Lincoln-TCSE,2011,319,0,15,CS,Disk,1.51
6924,Lincoln-TCSE,2011,319,15,30,CS,Disk,0.77
6925,Lincoln-TCSE,2011,319,30,60,CS,Disk,0.44
6926,Lincoln-TCSE,2011,601,0,15,CC,No-till,1.66
6927,Lincoln-TCSE,2011,601,15,30,CC,No-till,1.61
6928,Lincoln-TCSE,2011,601,30,60,CC,No-till,1.94
6929,Lincoln-TCSE,2011,602,0,15,CS,No-till,1.81
6930,Lincoln-TCSE,2011,602,15,30,CS,No-till,1.59
6931,Lincoln-TCSE,2011,602,30,60,CS,No-till,1.92
6932,Lincoln-TCSE,2011,603,0,15,SS,No-till,2.1
6933,Lincoln-TCSE,2011,603,15,30,SS,No-till,1.66
6934,Lincoln-TCSE,2011,603,30,60,SS,No-till,1.86
6935,Lincoln-TCSE,2011,605,0,15,CC,Disk,1.84
6936,Lincoln-TCSE,2011,605,15,30,CC,Disk,1.65
6937,Lincoln-TCSE,2011,605,30,60,CC,Disk,1.92
6938,Lincoln-TCSE,2011,607,0,15,SS,Disk,1.73
6939,Lincoln-TCSE,2011,607,15,30,SS,Disk,1.54
6940,Lincoln-TCSE,2011,607,30,60,SS,Disk,1.69
6941,Lincoln-TCSE,2011,608,0,15,CS,Disk,1.58
6942,Lincoln-TCSE,2011,608,15,30,CS,Disk,1.54
6943,Lincoln-TCSE,2011,608,30,60,CS,Disk,1.77
6944,Lincoln-TCSE,2011,618,0,15,CS,Plow,1.74
6945,Lincoln-TCSE,2011,618,15,30,CS,Plow,1.42
6946,Lincoln-TCSE,2011,618,30,60,CS,Plow,0.87
6947,Lincoln-TCSE,2011,619,0,15,SS,Plow,1.51
6948,Lincoln-TCSE,2011,619,15,30,SS,Plow,1.41
13986,Lincoln-TCSE,2004,313,7.5,15,CC,No-till,1.5
13987,Lincoln-TCSE,2004,313,15,30,CC,No-till,1.25
13988,Lincoln-TCSE,2004,314,0,7.5,SS,Disk,1.96
13989,Lincoln-TCSE,2004,314,7.5,15,SS,Disk,1.52
13990,Lincoln-TCSE,2004,314,15,30,SS,Disk,1.23
13991,Lincoln-TCSE,2004,316,0,7.5,CC,Disk,1.63
13992,Lincoln-TCSE,2004,316,7.5,15,CC,Disk,1.29
13993,Lincoln-TCSE,2004,316,15,30,CC,Disk,0.85
13994,Lincoln-TCSE,2004,317,0,7.5,CS,Disk,1.77
13995,Lincoln-TCSE,2004,317,7.5,15,CS,Disk,1.51
13996,Lincoln-TCSE,2004,317,15,30,CS,Disk,0.99
13997,Lincoln-TCSE,2004,318,0,7.5,CC,No-till,1.72
13998,Lincoln-TCSE,2004,318,7.5,15,CC,No-till,1.29
13999,Lincoln-TCSE,2004,318,15,30,CC,No-till,0.78
14000,Lincoln-TCSE,2004,319,0,7.5,CS,No-till,1.54
14001,Lincoln-TCSE,2004,319,7.5,15,CS,No-till,1.32
14002,Lincoln-TCSE,2004,319,15,30,CS,No-till,0.8
14003,Lincoln-TCSE,2004,601,0,7.5,CC,No-till,2.67
14004,Lincoln-TCSE,2004,601,7.5,15,CC,No-till,1.81
14005,Lincoln-TCSE,2004,601,15,30,CS,No-till,1.68
14006,Lincoln-TCSE,2004,602,0,7.5,CS,No-till,2.41
14007,Lincoln-TCSE,2004,602,7.5,15,CS,No-till,1.68
14008,Lincoln-TCSE,2004,602,15,30,CS,No-till,1.74
14009,Lincoln-TCSE,2004,603,0,7.5,SS,No-till,2.05
14010,Lincoln-TCSE,2004,603,7.5,15,SS,No-till,1.56
14011,Lincoln-TCSE,2004,603,15,30,SS,No-till,1.68
14012,Lincoln-TCSE,2004,605,0,7.5,CC,Disk,2.28
14013,Lincoln-TCSE,2004,605,7.5,15,CC,Disk,1.77
14014,Lincoln-TCSE,2004,605,15,30,CC,Disk,1.82
14015,Lincoln-TCSE,2004,607,0,7.5,SS,Disk,1.91
14016,Lincoln-TCSE,2004,607,7.5,15,SS,Disk,1.71
14017,Lincoln-TCSE,2004,607,15,30,SS,Disk,1.63
14018,Lincoln-TCSE,2004,608,0,7.5,CS,Disk,2.03
14019,Lincoln-TCSE,2004,608,7.5,15,CS,Disk,1.86
14020,Lincoln-TCSE,2004,608,15,30,CS,Disk,1.67
14021,Lincoln-TCSE,2004,618,0,7.5,CS,Plow,1.82
14022,Lincoln-TCSE,2004,618,7.5,15,CS,Plow,1.84
14023,Lincoln-TCSE,2004,618,15,30,CS,Plow,1.71
14024,Lincoln-TCSE,2004,619,0,7.5,SS,Plow,1.68
14025,Lincoln-TCSE,2004,619,7.5,15,SS,Plow,1.68
14026,Lincoln-TCSE,2004,619,15,30,SS,Plow,1.53
14027,Lincoln-TCSE,2011,113,0,15,SS,Disk,1.59
14028,Lincoln-TCSE,2011,113,15,30,SS,Disk,1.1
14029,Lincoln-TCSE,2011,113,30,60,SS,Disk,0.54
14030,Lincoln-TCSE,2011,114,0,15,CS,Disk,1.69
14031,Lincoln-TCSE,2011,114,15,30,CS,Disk,1.1
14032,Lincoln-TCSE,2011,114,30,60,CS,Disk,0.57
14033,Lincoln-TCSE,2011,116,0,15,CC,Disk,1.95
14034,Lincoln-TCSE,2011,116,15,30,CC,Disk,1.47
14035,Lincoln-TCSE,2011,116,30,60,CC,Disk,0.81
14036,Lincoln-TCSE,2011,117,0,15,CC,No-till,2
14037,Lincoln-TCSE,2011,117,15,30,CC,No-till,1.55
14038,Lincoln-TCSE,2011,117,30,60,CC,No-till,0.74
14039,Lincoln-TCSE,2011,118,0,15,CS,No-till,1.8
14040,Lincoln-TCSE,2011,118,15,30,CS,No-till,1.36
14041,Lincoln-TCSE,2011,118,30,60,CS,No-till,0.72
14042,Lincoln-TCSE,2011,120,0,15,SS,No-till,1.74
14043,Lincoln-TCSE,2011,120,15,30,SS,No-till,1.2
14044,Lincoln-TCSE,2011,120,30,60,SS,No-till,0.68
14045,Lincoln-TCSE,2011,122,0,15,CS,Plow,1.45
14046,Lincoln-TCSE,2011,619,30,60,SS,Plow,0.84
14047,Lincoln-TCSE,2011,620,0,15,CC,Plow,1.65
14048,Lincoln-TCSE,2011,620,15,30,CC,Plow,1.53
14049,Lincoln-TCSE,2011,620,30,60,CC,Plow,1.04
4892,Mandan,1959,MD-27,0,15,HGP,HGP,3.42
4893,Mandan,1959,MD-27,15,30,HGP,HGP,1.4
4894,Mandan,1959,MD-27,30,45,HGP,HGP,0.77
4895,Mandan,1959,MD-27,45,60,HGP,HGP,0.86
4896,Mandan,1959,MD-27,0,15,HGP,HGP,3.3
4897,Mandan,1959,MD-27,15,30,HGP,HGP,1.39
4898,Mandan,1959,MD-27,30,45,HGP,HGP,0.87
4899,Mandan,1959,MD-27,45,60,HGP,HGP,0.91
4900,Mandan,1959,MD-27,0,15,HGP,HGP,2.98
4901,Mandan,1959,MD-27,15,30,HGP,HGP,1.58
4902,Mandan,1959,MD-27,30,45,HGP,HGP,1.13
4903,Mandan,1959,MD-27,45,60,HGP,HGP,0.91
4904,Mandan,1959,MD-27,0,15,HGP,HGP,3.36
4905,Mandan,1959,MD-27,15,30,HGP,HGP,1.84
4906,Mandan,1959,MD-27,30,45,HGP,HGP,1.16
4907,Mandan,1959,MD-27,45,60,HGP,HGP,0.62
4908,Mandan,1959,MD-27,0,15,HGP,HGP,2.82
4909,Mandan,1959,MD-27,15,30,HGP,HGP,1.68
4910,Mandan,1959,MD-27,30,45,HGP,HGP,1.04
4911,Mandan,1959,MD-27,45,60,HGP,HGP,0.74
4912,Mandan,1959,MD-27,0,15,HGP,HGP,3.05
4913,Mandan,1959,MD-27,15,30,HGP,HGP,1.45
4914,Mandan,1959,MD-27,30,45,HGP,HGP,0.9
4915,Mandan,1959,MD-27,0,15,MGP,MGP,2.81
4916,Mandan,1959,MD-27,15,30,MGP,MGP,1.35
4917,Mandan,1959,MD-27,30,45,MGP,MGP,0.7
4918,Mandan,1959,MD-27,45,60,MGP,MGP,0.81
4919,Mandan,1959,MD-27,0,15,MGP,MGP,2.32
4920,Mandan,1959,MD-27,15,30,MGP,MGP,1.46
4921,Mandan,1959,MD-27,30,45,MGP,MGP,0.9
4922,Mandan,1959,MD-27,45,60,MGP,MGP,1.06
4923,Mandan,1959,MD-27,0,15,MGP,MGP,2.57
4924,Mandan,1959,MD-27,15,30,MGP,MGP,1.24
4925,Mandan,1959,MD-27,30,45,MGP,MGP,0.94
4926,Mandan,1959,MD-27,45,60,MGP,MGP,0.93
4927,Mandan,1959,MD-27,0,15,MGP,MGP,3.01
4928,Mandan,1959,MD-27,15,30,MGP,MGP,1.8
4929,Mandan,1959,MD-27,30,45,MGP,MGP,1.23
4930,Mandan,1959,MD-27,45,60,MGP,MGP,1.14
4931,Mandan,1959,MD-27,0,15,MGP,MGP,2.65
4932,Mandan,1959,MD-27,15,30,MGP,MGP,1.54
4933,Mandan,1959,MD-27,30,45,MGP,MGP,1
4934,Mandan,1959,MD-27,45,60,MGP,MGP,1.02
4935,Mandan,1959,MD-27,0,15,MGP,MGP,2.69
4936,Mandan,1959,MD-27,15,30,MGP,MGP,1.55
4937,Mandan,1959,MD-27,30,45,MGP,MGP,1.08
4938,Mandan,1959,MD-27,45,60,MGP,MGP,1.2
4939,Mandan,1991,Frank HPE,0,7.5,HGP,HGP,3.47
4940,Mandan,1991,Frank HPE,7.5,15,HGP,HGP,2.58
4941,Mandan,1991,Frank HPE,15,22.5,HGP,HGP,1.47
4942,Mandan,1991,Frank HPE,22.5,30,HGP,HGP,1.14
4943,Mandan,1991,Frank HPE,30,45,HGP,HGP,1.07
4944,Mandan,1991,Frank HPE,45,75,HGP,HGP,0.74
4945,Mandan,1991,Frank HPE,0,7.5,HGP,HGP,3.68
4946,Mandan,1991,Frank HPE,7.5,15,HGP,HGP,2.65
4947,Mandan,1991,Frank HPE,15,22.5,HGP,HGP,1.57
4948,Mandan,1991,Frank HPE,22.5,30,HGP,HGP,1.21
4949,Mandan,1991,Frank HPE,30,45,HGP,HGP,1.06
4952,Mandan,1991,Frank HPE,45,75,HGP,HGP,0.48
4953,Mandan,1991,Frank HPE,0,7.5,HGP,HGP,3.28
4954,Mandan,1991,Frank HPE,7.5,15,HGP,HGP,2.45
4955,Mandan,1991,Frank HPE,15,22.5,HGP,HGP,1.83
4956,Mandan,1991,Frank HPE,22.5,30,HGP,HGP,1.29
4957,Mandan,1991,Frank HPE,30,45,HGP,HGP,1.06
4958,Mandan,1991,Frank HPE,45,75,HGP,HGP,0.65
4959,Mandan,1991,Frank HPE,0,7.5,HGP,HGP,3.35
4960,Mandan,1991,Frank HPE,7.5,15,HGP,HGP,2.48
4961,Mandan,1991,Frank HPE,15,22.5,HGP,HGP,1.78
4962,Mandan,1991,Frank HPE,22.5,30,HGP,HGP,1.32
4963,Mandan,1991,Frank HPE,15,22.5,HGP,HGP,1.78
4964,Mandan,1991,Frank HPE,22.5,30,HGP,HGP,1.4
4965,Mandan,1991,Frank HPE,30,45,HGP,HGP,1.01
4966,Mandan,1991,Frank HPE,45,75,HGP,HGP,0.74
4967,Mandan,1991,Frank HPE,0,7.5,MGP,MGP,3.42
4968,Mandan,1991,Frank HPE,7.5,15,MGP,MGP,2.31
4969,Mandan,1991,Frank HPE,15,22.5,MGP,MGP,1.76
4970,Mandan,1991,Frank HPE,30,45,HGP,HGP,1.03
4971,Mandan,1991,Frank HPE,45,75,HGP,HGP,0.92
4972,Mandan,1991,Frank HPE,0,7.5,HGP,HGP,3.46
4973,Mandan,1991,Frank HPE,7.5,15,HGP,HGP,2.54
4974,Mandan,1991,Frank HPE,15,22.5,HGP,HGP,1.61
4975,Mandan,1991,Frank HPE,22.5,30,HGP,HGP,1.31
4976,Mandan,1991,Frank HPE,30,45,HGP,HGP,1.04
4977,Mandan,1991,Frank HPE,45,75,HGP,HGP,0.69
4978,Mandan,1991,Frank HPE,0,7.5,HGP,HGP,3.49
4979,Mandan,1991,Frank HPE,7.5,15,HGP,HGP,2.58
4980,Mandan,1991,Frank HPE,22.5,30,MGP,MGP,1.33
4981,Mandan,1991,Frank HPE,30,45,MGP,MGP,1.13
4982,Mandan,1991,Frank HPE,45,75,MGP,MGP,0.66
4983,Mandan,1991,Frank HPE,0,7.5,MGP,MGP,3.32
4984,Mandan,1991,Frank HPE,7.5,15,MGP,MGP,2.12
4985,Mandan,1991,Frank HPE,15,22.5,MGP,MGP,1.5
4986,Mandan,1991,Frank HPE,22.5,30,MGP,MGP,1.16
4987,Mandan,1991,Frank HPE,30,45,MGP,MGP,1.02
4988,Mandan,1991,Frank HPE,45,75,MGP,MGP,0.56
4989,Mandan,1991,Frank HPE,0,7.5,MGP,MGP,3.09
4990,Mandan,1991,Frank HPE,7.5,15,MGP,MGP,2.05
4991,Mandan,1991,Frank HPE,15,22.5,MGP,MGP,1.55
4992,Mandan,1991,Frank HPE,22.5,30,MGP,MGP,1.37
4993,Mandan,1991,Frank HPE,30,45,MGP,MGP,1.28
4994,Mandan,1991,Frank HPE,45,75,MGP,MGP,0.51
4995,Mandan,1991,Frank HPE,0,7.5,MGP,MGP,2.97
4996,Mandan,1991,Frank HPE,7.5,15,MGP,MGP,1.75
4997,Mandan,1991,Frank HPE,15,22.5,MGP,MGP,1.73
4998,Mandan,1991,Frank HPE,22.5,30,MGP,MGP,1.02
4999,Mandan,1991,Frank HPE,30,45,MGP,MGP,0.71
5000,Mandan,1991,Frank HPE,45,75,MGP,MGP,0.58
5001,Mandan,1991,Frank HPE,0,7.5,MGP,MGP,3.29
5002,Mandan,1991,Frank HPE,7.5,15,MGP,MGP,2.45
5003,Mandan,1991,Frank HPE,15,22.5,MGP,MGP,1.49
5004,Mandan,1991,Frank HPE,22.5,30,MGP,MGP,1.08
5005,Mandan,1991,Frank HPE,30,45,MGP,MGP,1.3
5006,Mandan,1991,Frank HPE,45,75,MGP,MGP,0.47
5007,Mandan,1991,Frank HPE,0,7.5,MGP,MGP,3.49
5008,Mandan,1991,Frank HPE,7.5,15,MGP,MGP,2.08
5009,Mandan,1991,Frank HPE,15,22.5,MGP,MGP,1.22
5010,Mandan,1991,Frank HPE,22.5,30,MGP,MGP,0.9
5011,Mandan,1991,Frank HPE,30,45,MGP,MGP,0.71
5012,Mandan,1991,Frank HPE,45,75,MGP,MGP,0.58
5013,Mandan,2003,GRACEnet,0,5,HGP,HGP,5.94
5014,Mandan,2003,GRACEnet,5,10,HGP,HGP,3.72
5015,Mandan,2003,GRACEnet,10,20,HGP,HGP,1.88
5016,Mandan,2003,GRACEnet,20,30,HGP,HGP,1.15
5017,Mandan,2003,GRACEnet,30,60,HGP,HGP,0.84
5018,Mandan,2003,GRACEnet,60,100,HGP,HGP,0.8
5019,Mandan,2003,GRACEnet,0,5,HGP,HGP,6.31
5020,Mandan,2003,GRACEnet,5,10,HGP,HGP,3.45
5021,Mandan,2003,GRACEnet,10,20,HGP,HGP,2.72
5022,Mandan,2003,GRACEnet,20,30,HGP,HGP,1.93
5023,Mandan,2003,GRACEnet,30,60,HGP,HGP,0.95
5024,Mandan,2003,GRACEnet,60,100,HGP,HGP,0.82
5025,Mandan,2003,GRACEnet,0,5,HGP,HGP,6.13
5026,Mandan,2003,GRACEnet,5,10,HGP,HGP,3.25
5027,Mandan,2003,GRACEnet,10,20,HGP,HGP,2.21
5028,Mandan,2003,GRACEnet,20,30,HGP,HGP,1.47
5029,Mandan,2003,GRACEnet,30,60,HGP,HGP,0.92
5030,Mandan,2003,GRACEnet,60,100,HGP,HGP,0.79
5031,Mandan,2003,GRACEnet,0,5,HGP,HGP,6.27
5032,Mandan,2003,GRACEnet,5,10,HGP,HGP,3.09
5033,Mandan,2003,GRACEnet,10,20,HGP,HGP,2.73
5034,Mandan,2003,GRACEnet,20,30,HGP,HGP,2.15
5035,Mandan,2003,GRACEnet,30,60,HGP,HGP,1.04
5036,Mandan,2003,GRACEnet,60,100,HGP,HGP,0.79
5037,Mandan,2003,GRACEnet,0,5,MGP,MGP,4.71
5038,Mandan,2003,GRACEnet,5,10,MGP,MGP,2.46
5039,Mandan,2003,GRACEnet,10,20,MGP,MGP,2.13
5040,Mandan,2003,GRACEnet,20,30,MGP,MGP,1.53
5041,Mandan,2003,GRACEnet,30,60,MGP,MGP,1.06
5042,Mandan,2003,GRACEnet,60,100,MGP,MGP,0.98
5043,Mandan,2003,GRACEnet,0,5,MGP,MGP,5.19
5044,Mandan,2003,GRACEnet,5,10,MGP,MGP,2.76
5045,Mandan,2003,GRACEnet,10,20,MGP,MGP,1.78
5046,Mandan,2003,GRACEnet,20,30,MGP,MGP,1.25
5047,Mandan,2003,GRACEnet,30,60,MGP,MGP,0.81
5048,Mandan,2003,GRACEnet,60,100,MGP,MGP,0.91
5049,Mandan,2003,GRACEnet,0,5,MGP,MGP,6.1
5050,Mandan,2003,GRACEnet,5,10,MGP,MGP,2.81
5051,Mandan,2003,GRACEnet,10,20,MGP,MGP,2.39
5052,Mandan,2003,GRACEnet,20,30,MGP,MGP,1.55
5053,Mandan,2003,GRACEnet,30,60,MGP,MGP,0.92
5054,Mandan,2003,GRACEnet,60,100,MGP,MGP,0.72
5055,Mandan,2003,GRACEnet,0,5,MGP,MGP,5.13
5056,Mandan,2003,GRACEnet,5,10,MGP,MGP,3.14
5057,Mandan,2003,GRACEnet,10,20,MGP,MGP,2.66
5058,Mandan,2003,GRACEnet,20,30,MGP,MGP,1.93
5059,Mandan,2003,GRACEnet,30,60,MGP,MGP,1.09
5060,Mandan,2003,GRACEnet,60,100,MGP,MGP,0.85
5947,Mandan,2014,MGI,7.5,15,HGP,HGP,2.71
5948,Mandan,2014,MGI,0,7.5,HGP,HGP,4.21
5949,Mandan,2014,MGI,45,75,HGP,HGP,na
5950,Mandan,2014,MGI,30,45,HGP,HGP,na
5951,Mandan,2014,MGI,22.5,30,HGP,HGP,na
5952,Mandan,2014,MGI,15,22.5,HGP,HGP,na
5953,Mandan,2014,MGI,7.5,15,HGP,HGP,2.35
5954,Mandan,2014,MGI,0,7.5,HGP,HGP,4.89
5955,Mandan,2014,MGI,45,75,HGP,HGP,na
5956,Mandan,2014,MGI,30,45,HGP,HGP,na
5957,Mandan,2014,MGI,0,7.5,HGP,HGP,6.4
5958,Mandan,2014,MGI,7.5,15,HGP,HGP,2.29
5959,Mandan,2014,MGI,15,22.5,HGP,HGP,na
5960,Mandan,2014,MGI,22.5,30,HGP,HGP,na
5961,Mandan,2014,MGI,30,45,HGP,HGP,na
5962,Mandan,2014,MGI,45,75,HGP,HGP,na
5963,Mandan,2014,MGI,0,7.5,HGP,HGP,4.88
5964,Mandan,2014,MGI,7.5,15,HGP,HGP,2.61
5965,Mandan,2014,MGI,15,22.5,HGP,HGP,na
5966,Mandan,2014,MGI,22.5,30,HGP,HGP,na
5967,Mandan,2014,MGI,45,75,HGP,HGP,0.73
5968,Mandan,2014,MGI,30,45,HGP,HGP,0.88
5969,Mandan,2014,MGI,22.5,30,HGP,HGP,1.16
5970,Mandan,2014,MGI,15,22.5,HGP,HGP,1.61
5971,Mandan,2014,MGI,7.5,15,HGP,HGP,2.62
5972,Mandan,2014,MGI,0,7.5,HGP,HGP,3.84
5973,Mandan,2014,MGI,45,75,HGP,HGP,na
5974,Mandan,2014,MGI,30,45,HGP,HGP,na
5975,Mandan,2014,MGI,22.5,30,HGP,HGP,na
5976,Mandan,2014,MGI,15,22.5,HGP,HGP,na
5977,Mandan,2014,MGI,7.5,15,HGP,HGP,2.04
5978,Mandan,2014,MGI,0,7.5,HGP,HGP,3.94
5979,Mandan,2014,MGI,45,75,MGP,MGP,na
5980,Mandan,2014,MGI,30,45,MGP,MGP,na
5981,Mandan,2014,MGI,22.5,30,MGP,MGP,na
5982,Mandan,2014,MGI,15,22.5,MGP,MGP,na
5983,Mandan,2014,MGI,7.5,15,MGP,MGP,2.12
5984,Mandan,2014,MGI,0,7.5,MGP,MGP,4.25
5985,Mandan,2014,MGI,45,75,MGP,MGP,na
5986,Mandan,2014,MGI,30,45,MGP,MGP,na
5987,Mandan,2014,MGI,22.5,30,MGP,MGP,na
5988,Mandan,2014,MGI,15,22.5,MGP,MGP,na
5989,Mandan,2014,MGI,30,45,MGP,MGP,na
5990,Mandan,2014,MGI,45,75,MGP,MGP,na
5991,Mandan,2014,MGI,0,7.5,MGP,MGP,4.72
5992,Mandan,2014,MGI,7.5,15,MGP,MGP,2.4
5993,Mandan,2014,MGI,15,22.5,MGP,MGP,na
5994,Mandan,2014,MGI,22.5,30,MGP,MGP,na
5995,Mandan,2014,MGI,30,45,MGP,MGP,na
5996,Mandan,2014,MGI,45,75,MGP,MGP,na
5997,Mandan,2014,MGI,0,7.5,MGP,MGP,3.75
5998,Mandan,2014,MGI,7.5,15,MGP,MGP,2.06
5999,Mandan,2014,MGI,22.5,30,MGP,MGP,na
6000,Mandan,2014,MGI,15,22.5,MGP,MGP,na
6001,Mandan,2014,MGI,7.5,15,MGP,MGP,2.24
6002,Mandan,2014,MGI,0,7.5,MGP,MGP,3.9
6003,Mandan,2014,MGI,45,75,MGP,MGP,na
6004,Mandan,2014,MGI,30,45,MGP,MGP,na
13744,Mandan,2014,MGI,22.5,30,MGP,MGP,na
13745,Mandan,2014,MGI,15,22.5,MGP,MGP,na
13746,Mandan,2014,MGI,7.5,15,MGP,MGP,1.96
13747,Mandan,2014,MGI,0,7.5,MGP,MGP,3.95
13748,Mandan,2014,MGI,15,22.5,HGP,HGP,na
13749,Mandan,2014,MGI,22.5,30,HGP,HGP,na
13750,Mandan,2014,MGI,30,45,HGP,HGP,na
13751,Mandan,2014,MGI,45,75,HGP,HGP,na
13752,Mandan,2014,MGI,0,7.5,MGP,MGP,5.42
13753,Mandan,2014,MGI,7.5,15,MGP,MGP,2.79
13754,Mandan,2014,MGI,15,22.5,MGP,MGP,1.61
13755,Mandan,2014,MGI,22.5,30,MGP,MGP,1.24
13756,Mandan,2014,MGI,30,45,MGP,MGP,1.1
13757,Mandan,2014,MGI,45,75,MGP,MGP,0.82
7971,Pendleton,2005,NTB120,60,60,9,NTB120,na
7972,Pendleton,2005,NTB120,90,90,9,NTB120,na
7973,Pendleton,2005,NTB0,10,10,1,NTB0,1.34
7974,Pendleton,2005,NTB0,20,20,1,NTB0,1.12
7975,Pendleton,2005,NTB0,30,30,1,NTB0,0.84
7976,Pendleton,2005,NTB0,60,60,1,NTB0,na
7977,Pendleton,2005,NTB0,90,90,1,NTB0,na
7978,Pendleton,2005,NTB120,10,10,9,NTB120,1.43
7979,Pendleton,2005,NTB120,20,20,9,NTB120,1.17
7980,Pendleton,2005,NTB120,30,30,9,NTB120,0.93
7981,Pendleton,2005,NTB120,60,60,9,NTB120,na
7982,Pendleton,2005,NTB120,90,90,9,NTB120,na
7983,Pendleton,2005,NTB0,10,10,1,NTB0,1.54
7984,Pendleton,2005,NTB0,20,20,1,NTB0,1.14
7985,Pendleton,2005,NTB0,30,30,1,NTB0,0.84
7986,Pendleton,2005,NTB0,60,60,1,NTB0,na
7987,Pendleton,2005,NTB0,90,90,1,NTB0,na
7988,Pendleton,2005,NTB120,10,10,9,NTB120,1.45
7989,Pendleton,2005,NTB120,20,20,9,NTB120,1.12
7990,Pendleton,2005,NTB120,30,30,9,NTB120,0.85
7991,Pendleton,2005,NTB120,60,60,9,NTB120,na
7992,Pendleton,2005,NTB120,90,90,9,NTB120,na
7993,Pendleton,2005,CT0,10,10,1,CT0,1.11
7994,Pendleton,2005,CT0,20,20,1,CT0,1.04
7995,Pendleton,2005,CT0,30,30,1,CT0,0.95
7996,Pendleton,2005,CT0,60,60,1,CT0,na
7997,Pendleton,2005,CT0,90,90,1,CT0,na
7998,Pendleton,2005,CT120,10,10,9,CT120,1.21
7999,Pendleton,2005,CT120,20,20,9,CT120,1.07
8000,Pendleton,2005,CT120,30,30,9,CT120,0.87
8001,Pendleton,2005,CT120,60,60,9,CT120,na
8002,Pendleton,2005,CT120,90,90,9,CT120,na
8003,Pendleton,2005,CT0,10,10,1,CT0,1.06
8004,Pendleton,2005,CT0,20,20,1,CT0,1.09
8005,Pendleton,2005,CT0,30,30,1,CT0,0.77
8006,Pendleton,2005,CT0,60,60,1,CT0,na
8007,Pendleton,2005,CT0,90,90,1,CT0,na
8008,Pendleton,2005,CT120,10,10,9,CT120,1.17
8009,Pendleton,2005,CT120,20,20,9,CT120,1.25
8010,Pendleton,2005,CT120,30,30,9,CT120,0.89
8011,Pendleton,2005,CT120,60,60,9,CT120,na
8012,Pendleton,2005,CT120,90,90,9,CT120,na
8013,Pendleton,2005,CT0,10,10,1,CT0,1.07
8014,Pendleton,2005,CT0,20,20,1,CT0,1.1
8015,Pendleton,2005,CT0,30,30,1,CT0,0.75
8016,Pendleton,2005,CT0,60,60,1,CT0,na
8017,Pendleton,2005,CT0,90,90,1,CT0,na
8018,Pendleton,2005,CT120,10,10,9,CT120,1.14
8019,Pendleton,2005,CT120,20,20,9,CT120,1.1
8020,Pendleton,2005,CT120,30,30,9,CT120,0.77
8021,Pendleton,2005,CT120,60,60,9,CT120,na
8022,Pendleton,2005,CT120,90,90,9,CT120,na
8023,Pendleton,2005,CT0,10,10,1,CT0,1.04
8024,Pendleton,2005,CT0,20,20,1,CT0,1.03
8025,Pendleton,2005,CT0,30,30,1,CT0,0.84
8026,Pendleton,2005,CT0,60,60,1,CT0,na
8027,Pendleton,2005,CT0,90,90,1,CT0,na
8028,Pendleton,2005,CT120,10,10,9,CT120,1.09
8029,Pendleton,2005,CT120,20,20,9,CT120,1.14
8030,Pendleton,2005,CT120,30,30,9,CT120,0.82
8091,Pendleton,2009,NTB0,60,60,1,NTB0,na
8092,Pendleton,2009,NTB0,100,100,1,NTB0,na
8093,Pendleton,2009,NTB0,5,5,1,NTB0,1.41
8094,Pendleton,2009,NTB0,10,10,1,NTB0,1.2
8095,Pendleton,2009,NTB0,20,20,1,NTB0,1.19
8096,Pendleton,2009,NTB0,30,30,1,NTB0,0.94
8097,Pendleton,2009,NTB0,60,60,1,NTB0,na
8098,Pendleton,2009,NTB0,100,100,1,NTB0,na
8099,Pendleton,2009,NTB120,5,5,9,NTB120,1.71
8100,Pendleton,2009,NTB120,10,10,9,NTB120,1.28
8101,Pendleton,2009,NTB120,20,20,9,NTB120,1.19
8102,Pendleton,2009,NTB120,30,30,9,NTB120,0.89
8103,Pendleton,2009,NTB120,60,60,9,NTB120,na
8104,Pendleton,2009,NTB120,100,100,9,NTB120,na
8105,Pendleton,2009,NTB120,5,5,9,NTB120,1.64
8106,Pendleton,2009,NTB120,10,10,9,NTB120,1.27
8107,Pendleton,2009,NTB120,20,20,9,NTB120,1.16
8108,Pendleton,2009,NTB120,30,30,9,NTB120,0.93
8109,Pendleton,2009,NTB120,60,60,9,NTB120,na
8110,Pendleton,2009,NTB120,100,100,9,NTB120,na
8111,Pendleton,2009,NTB0,5,5,1,NTB0,1.62
8112,Pendleton,2009,NTB0,10,10,1,NTB0,1.19
8113,Pendleton,2009,NTB0,20,20,1,NTB0,0.98
8114,Pendleton,2009,NTB0,30,30,1,NTB0,0.73
8115,Pendleton,2009,NTB0,60,60,1,NTB0,na
8116,Pendleton,2009,NTB0,100,100,1,NTB0,na
8117,Pendleton,2009,NTB0,5,5,1,NTB0,1.43
8118,Pendleton,2009,NTB0,10,10,1,NTB0,1.15
8119,Pendleton,2009,NTB0,20,20,1,NTB0,1.02
8120,Pendleton,2009,NTB0,30,30,1,NTB0,0.81
8121,Pendleton,2009,NTB0,60,60,1,NTB0,na
8122,Pendleton,2009,NTB0,100,100,1,NTB0,na
8123,Pendleton,2009,NTB120,5,5,9,NTB120,1.53
8124,Pendleton,2009,NTB120,10,10,9,NTB120,1.09
8125,Pendleton,2009,NTB120,20,20,9,NTB120,1.03
8126,Pendleton,2009,NTB120,30,30,9,NTB120,0.81
8127,Pendleton,2009,NTB120,60,60,9,NTB120,na
8128,Pendleton,2009,NTB120,100,100,9,NTB120,na
8129,Pendleton,2009,CT0,5,5,1,CT0,0.95
8130,Pendleton,2009,CT0,10,10,1,CT0,0.99
8131,Pendleton,2009,CT0,20,20,1,CT0,0.98
8132,Pendleton,2009,CT0,30,30,1,CT0,0.93
8133,Pendleton,2009,CT0,60,60,1,CT0,na
8134,Pendleton,2009,CT0,100,100,1,CT0,na
8135,Pendleton,2009,CT120,5,5,9,CT120,1
8136,Pendleton,2009,CT120,10,10,9,CT120,1.02
8137,Pendleton,2009,CT120,20,20,9,CT120,1.09
8138,Pendleton,2009,CT120,30,30,9,CT120,0.93
8139,Pendleton,2009,CT120,60,60,9,CT120,na
8140,Pendleton,2009,CT120,100,100,9,CT120,na
8141,Pendleton,2009,CT0,5,5,1,CT0,0.94
8142,Pendleton,2009,CT0,10,10,1,CT0,1.52
8143,Pendleton,2009,CT0,20,20,1,CT0,1.2
8144,Pendleton,2009,CT0,30,30,1,CT0,0.88
8145,Pendleton,2009,CT0,60,60,1,CT0,na
8146,Pendleton,2009,CT0,100,100,1,CT0,na
8147,Pendleton,2009,CT120,5,5,9,CT120,0.97
8148,Pendleton,2009,CT120,10,10,9,CT120,0.96
8149,Pendleton,2009,CT120,20,20,9,CT120,0.98
8150,Pendleton,2009,CT120,30,30,9,CT120,0.88
8211,Pendleton,2014,NTA120,60,60,10,NTA120,na
8212,Pendleton,2014,NTA120,100,100,10,NTA120,na
8213,Pendleton,2014,NTA0,5,5,2,NTA0,1.6
8214,Pendleton,2014,NTA0,10,10,2,NTA0,1.25
8215,Pendleton,2014,NTA0,20,20,2,NTA0,1.08
8216,Pendleton,2014,NTA0,30,30,2,NTA0,1.02
8217,Pendleton,2014,NTA0,60,60,2,NTA0,na
8218,Pendleton,2014,NTA0,100,100,2,NTA0,na
8219,Pendleton,2014,NTA120,5,5,10,NTA120,2.01
8220,Pendleton,2014,NTA120,10,10,10,NTA120,1.46
8221,Pendleton,2014,NTA120,20,20,10,NTA120,1.21
8222,Pendleton,2014,NTA120,30,30,10,NTA120,1.11
8223,Pendleton,2014,NTA120,60,60,10,NTA120,na
8224,Pendleton,2014,NTA120,100,100,10,NTA120,na
8225,Pendleton,2014,NTB0,5,5,2,NTB0,1.59
8226,Pendleton,2014,NTB0,10,10,2,NTB0,1.31
8227,Pendleton,2014,NTB0,20,20,2,NTB0,1.12
8228,Pendleton,2014,NTB0,30,30,2,NTB0,0.85
8229,Pendleton,2014,NTB0,60,60,2,NTB0,na
8230,Pendleton,2014,NTB0,100,100,2,NTB0,na
8231,Pendleton,2014,NTB120,5,5,10,NTB120,2.15
8232,Pendleton,2014,NTB120,10,10,10,NTB120,1.29
8233,Pendleton,2014,NTB120,20,20,10,NTB120,1.14
8234,Pendleton,2014,NTB120,30,30,10,NTB120,0.87
8235,Pendleton,2014,NTB120,60,60,10,NTB120,na
8236,Pendleton,2014,NTB120,100,100,10,NTB120,na
8237,Pendleton,2014,NTB120,5,5,10,NTB120,2.39
8238,Pendleton,2014,NTB120,10,10,10,NTB120,1.73
8239,Pendleton,2014,NTB120,20,20,10,NTB120,1.34
8240,Pendleton,2014,NTB120,30,30,10,NTB120,0.84
8241,Pendleton,2014,NTB120,60,60,10,NTB120,na
8242,Pendleton,2014,NTB120,100,100,10,NTB120,na
8243,Pendleton,2014,NTB0,5,5,2,NTB0,1.48
8244,Pendleton,2014,NTB0,10,10,2,NTB0,1.33
8245,Pendleton,2014,NTB0,20,20,2,NTB0,1.17
8246,Pendleton,2014,NTB0,30,30,2,NTB0,0.86
8247,Pendleton,2014,NTB0,60,60,2,NTB0,na
8248,Pendleton,2014,NTB0,100,100,2,NTB0,na
8249,Pendleton,2014,NTB0,5,5,2,NTB0,1.67
8250,Pendleton,2014,NTB0,10,10,2,NTB0,1.29
8251,Pendleton,2014,NTB0,20,20,2,NTB0,1.18
8252,Pendleton,2014,NTB0,30,30,2,NTB0,1.01
8253,Pendleton,2014,NTB0,60,60,2,NTB0,na
8254,Pendleton,2014,NTB0,100,100,2,NTB0,na
8255,Pendleton,2014,NTB120,5,5,10,NTB120,2.2
8256,Pendleton,2014,NTB120,10,10,10,NTB120,1.58
8257,Pendleton,2014,NTB120,20,20,10,NTB120,1.39
8258,Pendleton,2014,NTB120,30,30,10,NTB120,0.9
8259,Pendleton,2014,NTB120,60,60,10,NTB120,na
8260,Pendleton,2014,NTB120,100,100,10,NTB120,na
8261,Pendleton,2014,NTB0,5,5,2,NTB0,1.49
8262,Pendleton,2014,NTB0,10,10,2,NTB0,1.48
8263,Pendleton,2014,NTB0,20,20,2,NTB0,1.08
8264,Pendleton,2014,NTB0,30,30,2,NTB0,0.74
8265,Pendleton,2014,NTB0,60,60,2,NTB0,na
8266,Pendleton,2014,NTB0,100,100,2,NTB0,na
8267,Pendleton,2014,NTB120,5,5,10,NTB120,1.64
8268,Pendleton,2014,NTB120,10,10,10,NTB120,1.31
8269,Pendleton,2014,NTB120,20,20,10,NTB120,0.97
8270,Pendleton,2014,NTB120,30,30,10,NTB120,0.67
13758,Pendleton,2014,NTA0,10,10,1,NTA0,1.41
13759,Pendleton,2014,NTA0,20,20,1,NTA0,1.08
13760,Pendleton,2014,NTA0,30,30,1,NTA0,0.96
13761,Pendleton,2014,NTA0,60,60,1,NTA0,na
13762,Pendleton,2014,NTA0,90,90,1,NTA0,na
13763,Pendleton,2014,NTA120,10,10,9,NTA120,1.76
13764,Pendleton,2014,NTA120,20,20,9,NTA120,1.2
13765,Pendleton,2014,NTA120,30,30,9,NTA120,0.9
13766,Pendleton,2014,NTA120,60,60,9,NTA120,na
13767,Pendleton,2014,NTA120,90,90,9,NTA120,na
13768,Pendleton,2014,NTA0,10,10,1,NTA0,1.42
13769,Pendleton,2014,NTA0,20,20,1,NTA0,1.09
13770,Pendleton,2014,NTA0,30,30,1,NTA0,0.82
13771,Pendleton,2014,NTA0,60,60,1,NTA0,na
13772,Pendleton,2014,NTA0,90,90,1,NTA0,na
13773,Pendleton,2014,NTA120,10,10,9,NTA120,1.69
13774,Pendleton,2014,NTA120,20,20,9,NTA120,1.21
13775,Pendleton,2014,NTA120,30,30,9,NTA120,0.9
13776,Pendleton,2014,NTA120,60,60,9,NTA120,na
13777,Pendleton,2014,NTA120,90,90,9,NTA120,na
13778,Pendleton,2014,NTA0,10,10,1,NTA0,1.31
13779,Pendleton,2014,NTA0,20,20,1,NTA0,1.1
13780,Pendleton,2014,NTA0,30,30,1,NTA0,0.9
13781,Pendleton,2014,NTA0,60,60,1,NTA0,na
13782,Pendleton,2014,NTA0,90,90,1,NTA0,na
13783,Pendleton,2014,NTA120,10,10,9,NTA120,1.46
13784,Pendleton,2014,NTA120,20,20,9,NTA120,1.15
13785,Pendleton,2014,NTA120,30,30,9,NTA120,0.84
13786,Pendleton,2014,NTA120,60,60,9,NTA120,na
13787,Pendleton,2014,NTA120,90,90,9,NTA120,na
13788,Pendleton,2014,NTA0,10,10,1,NTA0,1.48
13789,Pendleton,2014,NTA0,20,20,1,NTA0,1.1
13790,Pendleton,2014,NTA0,30,30,1,NTA0,0.97
13791,Pendleton,2014,NTA0,60,60,1,NTA0,na
13792,Pendleton,2014,NTA0,90,90,1,NTA0,na
13793,Pendleton,2014,NTA120,10,10,9,NTA120,1.67
13794,Pendleton,2014,NTA120,20,20,9,NTA120,1.17
13795,Pendleton,2014,NTA120,30,30,9,NTA120,0.83
13796,Pendleton,2014,NTA120,60,60,9,NTA120,na
13797,Pendleton,2014,NTA120,90,90,9,NTA120,na
13798,Pendleton,2014,NTB0,10,10,1,NTB0,1.32
13799,Pendleton,2014,NTB0,20,20,1,NTB0,1.12
13800,Pendleton,2014,NTB0,30,30,1,NTB0,0.88
13801,Pendleton,2014,NTB0,60,60,1,NTB0,na
13802,Pendleton,2014,NTB0,90,90,1,NTB0,na
13803,Pendleton,2014,NTB120,10,10,9,NTB120,1.38
13804,Pendleton,2014,NTB120,20,20,9,NTB120,1.2
13805,Pendleton,2014,NTB120,30,30,9,NTB120,1.01
13806,Pendleton,2014,NTB120,60,60,9,NTB120,na
13807,Pendleton,2014,NTB120,90,90,9,NTB120,na
13808,Pendleton,2014,NTB0,10,10,1,NTB0,1.57
13809,Pendleton,2014,NTB0,20,20,1,NTB0,1.2
13810,Pendleton,2014,NTB0,30,30,1,NTB0,0.91
13811,Pendleton,2014,NTB0,60,60,1,NTB0,na
13812,Pendleton,2014,NTB0,90,90,1,NTB0,na
13813,Pendleton,2014,NTB120,10,10,9,NTB120,1.82
13814,Pendleton,2014,NTB120,20,20,9,NTB120,1.27
13815,Pendleton,2014,NTB120,30,30,9,NTB120,1.01
13816,Pendleton,2014,CT120,60,60,9,CT120,na
13817,Pendleton,2014,CT120,90,90,9,CT120,na
13818,Pendleton,2014,NTA120,5,5,9,NTA120,1.84
13819,Pendleton,2014,NTA120,10,10,9,NTA120,1.29
13820,Pendleton,2014,NTA120,20,20,9,NTA120,1.13
13821,Pendleton,2014,NTA120,30,30,9,NTA120,0.96
13822,Pendleton,2014,NTA120,60,60,9,NTA120,na
13823,Pendleton,2014,NTA120,100,100,9,NTA120,na
13824,Pendleton,2014,NTA0,5,5,1,NTA0,1.36
13825,Pendleton,2014,NTA0,10,10,1,NTA0,1.14
13826,Pendleton,2014,NTA0,20,20,1,NTA0,0.99
13827,Pendleton,2014,NTA0,30,30,1,NTA0,0.84
13828,Pendleton,2014,NTA0,60,60,1,NTA0,na
13829,Pendleton,2014,NTA0,100,100,1,NTA0,na
13830,Pendleton,2014,NTA0,5,5,1,NTA0,1.52
13831,Pendleton,2014,NTA0,10,10,1,NTA0,1.29
13832,Pendleton,2014,NTA0,20,20,1,NTA0,1.01
13833,Pendleton,2014,NTA0,30,30,1,NTA0,0.9
13834,Pendleton,2014,NTA0,60,60,1,NTA0,na
13835,Pendleton,2014,NTA0,100,100,1,NTA0,na
13836,Pendleton,2014,NTA120,5,5,9,NTA120,2.37
13837,Pendleton,2014,NTA120,10,10,9,NTA120,1.52
13838,Pendleton,2014,NTA120,20,20,9,NTA120,1.18
13839,Pendleton,2014,NTA120,30,30,9,NTA120,0.9
13840,Pendleton,2014,NTA120,60,60,9,NTA120,na
13841,Pendleton,2014,NTA120,100,100,9,NTA120,na
13842,Pendleton,2014,NTA120,5,5,9,NTA120,2.07
13843,Pendleton,2014,NTA120,10,10,9,NTA120,1.43
13844,Pendleton,2014,NTA120,20,20,9,NTA120,1.14
13845,Pendleton,2014,NTA120,30,30,9,NTA120,0.99
13846,Pendleton,2014,NTA120,60,60,9,NTA120,na
13847,Pendleton,2014,NTA120,100,100,9,NTA120,na
13848,Pendleton,2014,NTA0,5,5,1,NTA0,1.82
13849,Pendleton,2014,NTA0,10,10,1,NTA0,1.29
13850,Pendleton,2014,NTA0,20,20,1,NTA0,1.06
13851,Pendleton,2014,NTA0,30,30,1,NTA0,0.98
13852,Pendleton,2014,NTA0,60,60,1,NTA0,na
13853,Pendleton,2014,NTA0,100,100,1,NTA0,na
13854,Pendleton,2014,NTA0,5,5,1,NTA0,1.5
13855,Pendleton,2014,NTA0,10,10,1,NTA0,1.17
13856,Pendleton,2014,NTA0,20,20,1,NTA0,1
13857,Pendleton,2014,NTA0,30,30,1,NTA0,0.88
13858,Pendleton,2014,NTA0,60,60,1,NTA0,na
13859,Pendleton,2014,NTA0,100,100,1,NTA0,na
13860,Pendleton,2014,NTA120,5,5,9,NTA120,1.77
13861,Pendleton,2014,NTA120,10,10,9,NTA120,1.37
13862,Pendleton,2014,NTA120,20,20,9,NTA120,1.09
13863,Pendleton,2014,NTA120,30,30,9,NTA120,0.96
13864,Pendleton,2014,NTA120,60,60,9,NTA120,na
13865,Pendleton,2014,NTA120,100,100,9,NTA120,na
13866,Pendleton,2014,NTB120,5,5,9,NTB120,1.56
13867,Pendleton,2014,NTB120,10,10,9,NTB120,1.31
13868,Pendleton,2014,NTB120,20,20,9,NTB120,1.11
13869,Pendleton,2014,NTB120,30,30,9,NTB120,1
13870,Pendleton,2014,NTB120,60,60,9,NTB120,na
13871,Pendleton,2014,NTB120,100,100,9,NTB120,na
13872,Pendleton,2014,NTB0,5,5,1,NTB0,1.49
13873,Pendleton,2014,NTB0,10,10,1,NTB0,1.21
13874,Pendleton,2014,NTB0,20,20,1,NTB0,1.05
13875,Pendleton,2014,NTB0,30,30,1,NTB0,0.81
13876,Pendleton,2014,CT120,60,60,9,CT120,na
13877,Pendleton,2014,CT120,100,100,9,CT120,na
13878,Pendleton,2014,CT120,5,5,9,CT120,0.92
13879,Pendleton,2014,CT120,10,10,9,CT120,0.89
13880,Pendleton,2014,CT120,20,20,9,CT120,0.92
13881,Pendleton,2014,CT120,30,30,9,CT120,0.85
13882,Pendleton,2014,CT120,60,60,9,CT120,na
13883,Pendleton,2014,CT120,100,100,9,CT120,na
13884,Pendleton,2014,CT0,5,5,1,CT0,0.87
13885,Pendleton,2014,CT0,10,10,1,CT0,0.98
13886,Pendleton,2014,CT0,20,20,1,CT0,0.95
13887,Pendleton,2014,CT0,30,30,1,CT0,0.84
13888,Pendleton,2014,CT0,60,60,1,CT0,na
13889,Pendleton,2014,CT0,100,100,1,CT0,na
13890,Pendleton,2014,CT0,5,5,1,CT0,1.02
13891,Pendleton,2014,CT0,10,10,1,CT0,1.04
13892,Pendleton,2014,CT0,20,20,1,CT0,1.07
13893,Pendleton,2014,CT0,30,30,1,CT0,0.93
13894,Pendleton,2014,CT0,60,60,1,CT0,na
13895,Pendleton,2014,CT0,100,100,1,CT0,na
13896,Pendleton,2014,CT120,5,5,9,CT120,0.96
13897,Pendleton,2014,CT120,10,10,9,CT120,1.01
13898,Pendleton,2014,CT120,20,20,9,CT120,1.08
13899,Pendleton,2014,CT120,30,30,9,CT120,0.94
13900,Pendleton,2014,CT120,60,60,9,CT120,na
13901,Pendleton,2014,CT120,100,100,9,CT120,na
13902,Pendleton,2014,NTA0,5,5,2,NTA0,1.68
13903,Pendleton,2014,NTA0,10,10,2,NTA0,1.32
13904,Pendleton,2014,NTA0,20,20,2,NTA0,1.08
13905,Pendleton,2014,NTA0,30,30,2,NTA0,0.88
13906,Pendleton,2014,NTA0,60,60,2,NTA0,na
13907,Pendleton,2014,NTA0,100,100,2,NTA0,na
13908,Pendleton,2014,NTA120,5,5,10,NTA120,2.12
13909,Pendleton,2014,NTA120,10,10,10,NTA120,1.37
13910,Pendleton,2014,NTA120,20,20,10,NTA120,1.15
13911,Pendleton,2014,NTA120,30,30,10,NTA120,1.1
13912,Pendleton,2014,NTA120,60,60,10,NTA120,na
13913,Pendleton,2014,NTA120,100,100,10,NTA120,na
13914,Pendleton,2014,NTA120,5,5,10,NTA120,1.99
13915,Pendleton,2014,NTA120,10,10,10,NTA120,1.36
13916,Pendleton,2014,NTA120,20,20,10,NTA120,1.13
13917,Pendleton,2014,NTA120,30,30,10,NTA120,1.02
13918,Pendleton,2014,NTA120,60,60,10,NTA120,na
13919,Pendleton,2014,NTA120,100,100,10,NTA120,na
13920,Pendleton,2014,NTA0,5,5,2,NTA0,1.72
13921,Pendleton,2014,NTA0,10,10,2,NTA0,1.32
13922,Pendleton,2014,NTA0,20,20,2,NTA0,1.12
13923,Pendleton,2014,NTA0,30,30,2,NTA0,1
13924,Pendleton,2014,NTA0,60,60,2,NTA0,na
13925,Pendleton,2014,NTA0,100,100,2,NTA0,na
13926,Pendleton,2014,NTA0,5,5,2,NTA0,1.59
13927,Pendleton,2014,NTA0,10,10,2,NTA0,1.21
13928,Pendleton,2014,NTA0,20,20,2,NTA0,1.11
13929,Pendleton,2014,NTA0,30,30,2,NTA0,0.81
13930,Pendleton,2014,NTA0,60,60,2,NTA0,na
13931,Pendleton,2014,NTA0,100,100,2,NTA0,na
13932,Pendleton,2014,NTA120,5,5,10,NTA120,1.86
13933,Pendleton,2014,NTA120,10,10,10,NTA120,1.23
13934,Pendleton,2014,NTA120,20,20,10,NTA120,1.14
13935,Pendleton,2014,NTA120,30,30,10,NTA120,0.77
13936,Pendleton,2014,NTB120,60,60,10,NTB120,na
13937,Pendleton,2014,NTB120,100,100,10,NTB120,na
13938,Pendleton,2014,CT0,5,5,2,CT0,1.16
13939,Pendleton,2014,CT0,10,10,2,CT0,1.22
13940,Pendleton,2014,CT0,20,20,2,CT0,1.21
13941,Pendleton,2014,CT0,30,30,2,CT0,1.18
13942,Pendleton,2014,CT0,60,60,2,CT0,na
13943,Pendleton,2014,CT0,100,100,2,CT0,na
13944,Pendleton,2014,CT120,5,5,10,CT120,1.13
13945,Pendleton,2014,CT120,10,10,10,CT120,1.25
13946,Pendleton,2014,CT120,20,20,10,CT120,1.28
13947,Pendleton,2014,CT120,30,30,10,CT120,1.09
13948,Pendleton,2014,CT120,60,60,10,CT120,na
13949,Pendleton,2014,CT120,100,100,10,CT120,na
13950,Pendleton,2014,CT120,5,5,10,CT120,1.17
13951,Pendleton,2014,CT120,10,10,10,CT120,1.24
13952,Pendleton,2014,CT120,20,20,10,CT120,1.23
13953,Pendleton,2014,CT120,30,30,10,CT120,1.19
13954,Pendleton,2014,CT120,60,60,10,CT120,na
13955,Pendleton,2014,CT120,100,100,10,CT120,na
13956,Pendleton,2014,CT0,5,5,2,CT0,1.09
13957,Pendleton,2014,CT0,10,10,2,CT0,1.12
13958,Pendleton,2014,CT0,20,20,2,CT0,1.16
13959,Pendleton,2014,CT0,30,30,2,CT0,1.04
13960,Pendleton,2014,CT0,60,60,2,CT0,na
13961,Pendleton,2014,CT0,100,100,2,CT0,na
13962,Pendleton,2014,CT0,5,5,2,CT0,1.1
13963,Pendleton,2014,CT0,10,10,2,CT0,1.14
13964,Pendleton,2014,CT0,20,20,2,CT0,1.13
13965,Pendleton,2014,CT0,30,30,2,CT0,1.1
13966,Pendleton,2014,CT0,60,60,2,CT0,na
13967,Pendleton,2014,CT0,100,100,2,CT0,na
13968,Pendleton,2014,CT120,5,5,10,CT120,1.31
13969,Pendleton,2014,CT120,10,10,10,CT120,1.27
13970,Pendleton,2014,CT120,20,20,10,CT120,1.3
13971,Pendleton,2014,CT120,30,30,10,CT120,1.05
13972,Pendleton,2014,CT120,60,60,10,CT120,na
13973,Pendleton,2014,CT120,100,100,10,CT120,na
13974,Pendleton,2014,CT120,5,5,10,CT120,1.28
13975,Pendleton,2014,CT120,10,10,10,CT120,1.33
13976,Pendleton,2014,CT120,20,20,10,CT120,1.43
13977,Pendleton,2014,CT120,30,30,10,CT120,0.97
13978,Pendleton,2014,CT120,60,60,10,CT120,na
13979,Pendleton,2014,CT120,100,100,10,CT120,na
13980,Pendleton,2014,CT0,5,5,2,CT0,1.12
13981,Pendleton,2014,CT0,10,10,2,CT0,1.2
13982,Pendleton,2014,CT0,20,20,2,CT0,1.17
13983,Pendleton,2014,CT0,30,30,2,CT0,0.89
13984,Pendleton,2014,CT0,60,60,2,CT0,na
13985,Pendleton,2014,CT0,100,100,2,CT0,na
